Top pages,Clicks,Impressions,CTR,Position
https://textwonder.com/,14,69,20.29%,5.65
https://textwonder.com/tools/relieving-letter-generator/,6,28,21.43%,24.75
https://textwonder.com/tools/syllable-counter/,4,5779,0.07%,25.71
https://textwonder.com/tools/noc-generator/,4,150,2.67%,21.73
https://textwonder.com/tools/censor-words/,3,154,1.95%,22.73
https://textwonder.com/student/,3,16,18.75%,7.06
https://textwonder.com/tools/numbers-to-words/,2,1046,0.19%,28.7
https://textwonder.com/blog/how-to-convert-text-to-handwriting/,2,925,0.22%,50.48
https://textwonder.com/tools/presentation-time-estimator/,2,363,0.55%,18.5
https://textwonder.com/color/color-mixer/,2,325,0.62%,60.49
https://textwonder.com/tools/split-text/,2,270,0.74%,45.84
https://textwonder.com/blog/how-to-convert-text-to-word-document-online/,2,222,0.9%,27.18
https://textwonder.com/tools/emoji-counter/,2,153,1.31%,8.39
https://textwonder.com/tools/vowel-counter/,2,93,2.15%,17.27
https://textwonder.com/tools/vocabulary-richness/,2,83,2.41%,16.42
https://textwonder.com/tools/shortest-word-finder/,2,77,2.6%,21.99
https://textwonder.com/student/exam-countdown/,2,47,4.26%,26.83
https://textwonder.com/tools/alternating-case-converter,2,4,50%,5.25
https://textwonder.com/tools/readability-score/,1,1089,0.09%,57.88
https://textwonder.com/tools/grade-level-checker/,1,581,0.17%,68.92
https://textwonder.com/tools/remove-special-characters/,1,542,0.18%,38.24
https://textwonder.com/tools/salary-slip-generator/,1,434,0.23%,65.22
https://textwonder.com/tools/number-counter/,1,294,0.34%,21.83
https://textwonder.com/tools/remove-line-breaks/,1,245,0.41%,44.32
https://textwonder.com/tools/text-to-decimal/,1,217,0.46%,34.08
https://textwonder.com/tools/morse-code-converter/,1,173,0.58%,45.47
https://textwonder.com/tools/join-lines/,1,127,0.79%,23.87
https://textwonder.com/tools/truncate-text/,1,124,0.81%,25.37
https://textwonder.com/data/number-formatter/,1,118,0.85%,23.97
https://textwonder.com/tools/filter-lines/,1,111,0.9%,29.33
https://textwonder.com/tools/word-scrambler/,1,109,0.92%,43.72
https://textwonder.com/blog/how-to-convert-text-to-column-in-excel/,1,98,1.02%,44.79
https://textwonder.com/tools/extract-phone-numbers/,1,90,1.11%,32.49
https://textwonder.com/tools/leet-speak-converter,1,77,1.3%,63.87
https://textwonder.com/pdfwonder/text-to-pdf/,1,52,1.92%,49.69
https://textwonder.com/tools/zalgo-text-generator/,1,48,2.08%,24.69
https://textwonder.com/pdfwonder/pdf-to-text/,1,30,3.33%,32.2
https://textwonder.com/tools/least-frequent-words/,1,23,4.35%,29.3
https://textwonder.com/blog/how-to-convert-json-to-pdf/,1,19,5.26%,34.21
https://textwonder.com/calc/,1,18,5.56%,18.78
https://textwonder.com/tools/longest-word-finder/,1,14,7.14%,8.71
https://textwonder.com/tools/pangram-checker/,1,12,8.33%,29.5
https://textwonder.com/tools/fancy-text-generator/,1,10,10%,23.3
https://textwonder.com/tools/shortest-word-finder,1,10,10%,26.7
https://textwonder.com/blog/pdf-remove-pages/,1,1,100%,2
https://textwonder.com/blog/how-to-convert-audio-to-text,0,1548,0%,84.96
https://textwonder.com/pdfwonder/pdf-word-count/,0,1158,0%,61.39
https://textwonder.com/tools/reading-time-calculator/,0,1104,0%,44.3
https://textwonder.com/tools/leet-speak-converter/,0,1017,0%,44.11
https://textwonder.com/blog/how-to-extract-text-from-pdf/,0,586,0%,72.82
https://textwonder.com/blog/how-to-convert-text-to-number-in-excel/,0,553,0%,41.56
https://textwonder.com/blog/how-to-resize-pdf-pages/,0,551,0%,69.57
https://textwonder.com/blog/how-to-convert-text-to-voice/,0,488,0%,70.34
https://textwonder.com/tools/shuffle-lines/,0,478,0%,19.54
https://textwonder.com/tools/line-counter/,0,395,0%,40.23
https://textwonder.com/tools/text-to-hex/,0,382,0%,49.3
https://textwonder.com/tools/upside-down-text/,0,345,0%,53.06
https://textwonder.com/blog/how-to-crop-a-pdf/,0,337,0%,60.68
https://textwonder.com/calc/gst-calculator/,0,319,0%,73.24
https://textwonder.com/tools/uppercase-converter/,0,317,0%,73.24
https://textwonder.com/blog/how-to-convert-audio-to-text/,0,307,0%,74.55
https://textwonder.com/tools/sentence-counter/,0,301,0%,43.98
https://textwonder.com/pdfwonder/pdf-resize/,0,293,0%,53.37
https://textwonder.com/imagewonder/image-color-picker/,0,285,0%,56.76
https://textwonder.com/tools/add-quotes/,0,280,0%,21.89
https://textwonder.com/blog/how-to-convert-image-to-base64/,0,261,0%,51.56
https://textwonder.com/blog/how-to-split-a-pdf/,0,254,0%,58.63
https://textwonder.com/tools/remove-numbers/,0,240,0%,26.27
https://textwonder.com/tools/remove-duplicate-words/,0,238,0%,47.91
https://textwonder.com/tools/average-word-length/,0,205,0%,50.28
https://textwonder.com/tools/reverse-words/,0,202,0%,49.79
https://textwonder.com/blog/how-to-convert-pdf-to-png/,0,190,0%,84.34
https://textwonder.com/tools/camel-case-converter/,0,189,0%,30.75
https://textwonder.com/tools/title-case-converter/,0,183,0%,37.44
https://textwonder.com/blog/how-to-sign-a-pdf-free/,0,182,0%,79.09
https://textwonder.com/blog/how-to-convert-pdf-to-jpg/,0,165,0%,64.75
https://textwonder.com/tools/palindrome-checker/,0,163,0%,33.88
https://textwonder.com/tools/lines-to-csv/,0,157,0%,24.17
https://textwonder.com/tools/sentence-case-converter/,0,157,0%,40.97
https://textwonder.com/pdfwonder/pdf-dark-mode/,0,153,0%,39.58
https://textwonder.com/tools/syllable-counter,0,136,0%,67.36
https://textwonder.com/blog/how-to-remove-numbers-from-text-online/,0,131,0%,38.71
https://textwonder.com/blog/what-does-smh-mean-in-text/,0,131,0%,62.13
https://textwonder.com/tools/remove-vowels/,0,129,0%,15.88
https://textwonder.com/pdfwonder/pdf-crop/,0,129,0%,50.41
https://textwonder.com/tools/audiobook-duration-estimator/,0,122,0%,27
https://textwonder.com/tools/text-to-octal/,0,121,0%,33.75
https://textwonder.com/tools/pig-latin-converter/,0,118,0%,19.99
https://textwonder.com/tools/lowercase-converter/,0,115,0%,42.05
https://textwonder.com/blog/how-to-split-text-online-free/,0,112,0%,52.07
https://textwonder.com/unit/digital-storage-converter/,0,103,0%,46.71
https://textwonder.com/tools/remove-punctuation/,0,102,0%,33.09
https://textwonder.com/tools/character-frequency/,0,100,0%,41.07
https://textwonder.com/blog/how-to-remove-special-characters-from-text-online/,0,100,0%,54.01
https://textwonder.com/tools/proforma-invoice-generator/,0,82,0%,55.6
https://textwonder.com/tools/experience-letter-generator/,0,79,0%,36.89
https://textwonder.com/tools/add-prefix-suffix/,0,79,0%,39.94
https://textwonder.com/tools/remove-whitespace/,0,77,0%,45.26
https://textwonder.com/blog/how-to-resize-an-image-online-free/,0,75,0%,79.04
https://textwonder.com/tools/spaces-to-tabs/,0,74,0%,34.85
https://textwonder.com/tools/alternating-case-converter/,0,71,0%,22.01
https://textwonder.com/blog/how-to-convert-json-to-excel/,0,68,0%,63.94
https://textwonder.com/blog/color-mixer/,0,65,0%,88.92
https://textwonder.com/tools/small-caps-generator/,0,64,0%,42.53
https://textwonder.com/tools/unique-word-counter/,0,62,0%,22.4
https://textwonder.com/tools/invert-case/,0,62,0%,37.71
https://textwonder.com/tools/remove-diacritics/,0,60,0%,44.68
https://textwonder.com/blog/how-to-convert-text-resume-to-pdf-online-free/,0,58,0%,29.95
https://textwonder.com/tools/repeated-phrase-detector/,0,58,0%,40.69
https://textwonder.com/tools/word-counter,0,56,0%,56.23
https://textwonder.com/blog/how-to-extract-phone-numbers-from-text-online/,0,55,0%,30.25
https://textwonder.com/pdfwonder/pdf-sign/,0,55,0%,71.09
https://textwonder.com/blog/how-to-remove-special-characters-from-text/,0,53,0%,49.55
https://textwonder.com/unit/speed-converter/,0,53,0%,50.77
https://textwonder.com/blog/how-to-enhance-scanned-pdf-online-free/,0,53,0%,62.55
https://textwonder.com/pdfwonder/pdf-unlock/,0,52,0%,70.35
https://textwonder.com/tools/number-counter,0,50,0%,44.7
https://textwonder.com/blog/how-to-add-quotes-to-text-online-free/,0,48,0%,46.6
https://textwonder.com/blog/sentence-counter,0,48,0%,72.52
https://textwonder.com/blog/how-to-convert-text-file-to-excel/,0,47,0%,56.09
https://textwonder.com/blog/word-count-vs-character-count/,0,46,0%,22.22
https://textwonder.com/student/gpa-goal-calculator/,0,45,0%,40.38
https://textwonder.com/tools/symbol-counter/,0,43,0%,24.33
https://textwonder.com/tools/zalgo-text-generator,0,43,0%,65.67
https://textwonder.com/tools/sort-words/,0,42,0%,50.43
https://textwonder.com/tools/numbers-to-words,0,42,0%,76.14
https://textwonder.com/tools/reverse-text/,0,40,0%,35.3
https://textwonder.com/blog/how-to-convert-text-to-leet-speak/,0,40,0%,63.67
https://textwonder.com/blog/how-to-convert-text-to-table-in-word/,0,35,0%,22
https://textwonder.com/blog/,0,34,0%,12
https://textwonder.com/tools/lines-to-csv,0,33,0%,21.85
https://textwonder.com/blog/word-count-vs-character-count,0,32,0%,27.56
https://textwonder.com/tools/duplicate-word-counter/,0,32,0%,66.44
https://textwonder.com/blog/how-to-remove-duplicate-words-from-text-online/,0,32,0%,75.66
https://textwonder.com/tools/add-quotes,0,31,0%,44.68
https://textwonder.com/blog/text-case-converter-guide/,0,31,0%,50.35
https://textwonder.com/blog/how-to-remove-blank-pages-from-pdf/,0,30,0%,41.27
https://textwonder.com/color/color-palette-generator/,0,30,0%,53.5
https://textwonder.com/devwonder/unix-timestamp/,0,29,0%,38.86
https://textwonder.com/tools/remove-blank-lines/,0,29,0%,49.93
https://textwonder.com/blog/remove-duplicate-lines-guide/,0,28,0%,41
https://textwonder.com/tools/censor-words,0,27,0%,43.19
https://textwonder.com/blog/how-to-sort-words-alphabetically-online-free/,0,27,0%,74.85
https://textwonder.com/devwonder/uuid-generator/,0,26,0%,44.23
https://textwonder.com/blog/how-to-flip-text-upside-down-online/,0,26,0%,84.58
https://textwonder.com/health/protein-intake-calculator/,0,25,0%,65.12
https://textwonder.com/blog/how-to-convert-text-to-date-in-excel/,0,24,0%,45.79
https://textwonder.com/blog/how-to-convert-numbers-to-words-online/,0,24,0%,64.96
https://textwonder.com/tools/text-wrapper/,0,23,0%,32.3
https://textwonder.com/tools/unique-word-counter,0,23,0%,40.7
https://textwonder.com/tools/duplicate-words/,0,22,0%,39.55
https://textwonder.com/blog/how-to-join-lines-of-text-online-free/,0,22,0%,52.32
https://textwonder.com/compare/uppercase-vs-title-case/,0,22,0%,78.91
https://textwonder.com/imagewonder/image-watermark/,0,21,0%,51.62
https://textwonder.com/blog/readability-score-guide/,0,20,0%,38.9
https://textwonder.com/data/,0,19,0%,18.95
https://textwonder.com/blog/how-to-filter-lines-of-text-online-free/,0,19,0%,36.21
https://textwonder.com/tools/shuffle-lines,0,19,0%,41.11
https://textwonder.com/data/xml-to-json/,0,19,0%,76.89
https://textwonder.com/blog/title-case-guide/,0,18,0%,61.67
https://textwonder.com/tools/split-text,0,18,0%,75.11
https://textwonder.com/blog/how-to-remove-line-breaks-online-free/,0,17,0%,43.65
https://textwonder.com/blog/how-to-convert-text-to-decimal-online-free/,0,17,0%,68.47
https://textwonder.com/blog/how-to-remove-diacritics-from-text-online-free/,0,16,0%,61.94
https://textwonder.com/blog/how-to-add-prefix-and-suffix-to-lines-online/,0,16,0%,64.06
https://textwonder.com/unit/digital-storage-converter,0,16,0%,66.94
https://textwonder.com/blog/string-to-json-converter,0,16,0%,76.56
https://textwonder.com/tools/text-to-ascii-art/,0,15,0%,34.67
https://textwonder.com/blog/how-to-truncate-text-online-free/,0,15,0%,41
https://textwonder.com/tools/filter-lines,0,15,0%,45
https://textwonder.com/imagewonder/image-to-base64/,0,15,0%,57.6
https://textwonder.com/tools/remove-numbers,0,15,0%,65.13
https://textwonder.com/blog/how-to-convert-text-to-hex-online/,0,15,0%,66.87
https://textwonder.com/calc/compound-interest-calculator/,0,15,0%,67.53
https://textwonder.com/tools/remove-line-breaks,0,15,0%,83.6
https://textwonder.com/categories/document-generators/,0,14,0%,23.07
https://textwonder.com/blog/how-to-censor-words-in-text-online-free,0,14,0%,64.57
https://textwonder.com/pdfwonder/pdf-resize,0,14,0%,78.29
https://textwonder.com/blog/emoji-counter/,0,13,0%,25.08
https://textwonder.com/tools/stop-word-percentage/,0,13,0%,26.54
https://textwonder.com/blog/how-to-remove-blank-lines-from-text-online/,0,13,0%,30.69
https://textwonder.com/tools/join-lines,0,13,0%,35
https://textwonder.com/blog/how-to-duplicate-words-in-text-online-free/,0,13,0%,38.08
https://textwonder.com/pdfwonder/text-to-pdf,0,13,0%,39.69
https://textwonder.com/imagewonder/image-color-picker,0,13,0%,60.38
https://textwonder.com/blog/how-to-reverse-words-in-text-online-free/,0,13,0%,61.85
https://textwonder.com/blog/csv-to-json-converter/,0,13,0%,69.46
https://textwonder.com/imagewonder/image-converter/,0,12,0%,15.42
https://textwonder.com/tools/pig-latin-converter,0,12,0%,22.92
https://textwonder.com/tools/text-to-decimal,0,12,0%,30.17
https://textwonder.com/devwonder/hash-generator/,0,12,0%,43.17
https://textwonder.com/tools/reverse-words,0,12,0%,54.67
https://textwonder.com/tools/extract-phone-numbers,0,12,0%,57.58
https://textwonder.com/blog/how-to-count-syllables-in-text-online-free/,0,12,0%,64.58
https://textwonder.com/pdfwonder/pdf-word-count,0,12,0%,77.67
https://textwonder.com/devwonder/regex-tester/,0,11,0%,25.73
https://textwonder.com/devwonder/text-to-speech/,0,11,0%,32.27
https://textwonder.com/blog/most-frequent-words/,0,11,0%,64.73
https://textwonder.com/privacy-policy/,0,10,0%,5
https://textwonder.com/tools/,0,10,0%,11.5
https://textwonder.com/blog/repeated-phrase-detector/,0,10,0%,39.1
https://textwonder.com/tools/url-encoder-decoder/,0,10,0%,43.6
https://textwonder.com/blog/how-to-calculate-ppf-maturity-amount-online,0,10,0%,78
https://textwonder.com/tools,0,9,0%,10.56
https://textwonder.com/imagewonder/,0,9,0%,14.11
https://textwonder.com/tools/leave-application-generator/,0,9,0%,41.56
https://textwonder.com/blog/how-to-convert-spaces-to-tabs-online-free/,0,9,0%,60.33
https://textwonder.com/blog/how-to-add-page-numbers-to-pdf/,0,9,0%,61.44
https://textwonder.com/blog/how-to-extract-phone-numbers-from-text-online,0,9,0%,70.67
https://textwonder.com/blog/character-frequency/,0,9,0%,77.44
https://textwonder.com/imagewonder/image-watermark,0,9,0%,83.44
https://textwonder.com/tools/word-counter/,0,8,0%,14.5
https://textwonder.com/unit/weight-converter/,0,8,0%,19.25
https://textwonder.com/tools/text-repeater/,0,8,0%,20.38
https://textwonder.com/pdfwonder/pdf-splitter/,0,8,0%,20.75
https://textwonder.com/blog/how-to-convert-text-resume-to-pdf-online-free,0,8,0%,25.25
https://textwonder.com/tools/html-entity-encoder/,0,8,0%,40.88
https://textwonder.com/blog/how-to-remove-punctuation-from-text-online/,0,8,0%,48.25
https://textwonder.com/tools/text-entropy/,0,8,0%,52.75
https://textwonder.com/devwonder/number-base-converter/,0,8,0%,65.38
https://textwonder.com/tools/upside-down-text,0,8,0%,65.62
https://textwonder.com/color/color-palette-generator,0,8,0%,70.38
https://textwonder.com/blog/best-free-text-to-voice-converter-online/,0,8,0%,72.38
https://textwonder.com/tools/text-density/,0,7,0%,16
https://textwonder.com/tools/remove-emojis/,0,7,0%,17
https://textwonder.com/blog/how-to-remove-consonants-from-text-online-free/,0,7,0%,20.86
https://textwonder.com/blog/number-counter/,0,7,0%,38.71
https://textwonder.com/tools/rot13-encoder/,0,7,0%,47.57
https://textwonder.com/tools/remove-consonants/,0,7,0%,56.14
https://textwonder.com/tools/remove-duplicate-words,0,7,0%,64.57
https://textwonder.com/blog/how-to-generate-zalgo-text-online/,0,7,0%,83.57
https://textwonder.com/pdfwonder/pdf-password-protect/,0,7,0%,90.14
https://textwonder.com/unit/,0,6,0%,6.5
https://textwonder.com/blog/how-to-convert-lines-to-csv-online-free/,0,6,0%,25.67
https://textwonder.com/student/attendance-calculator/,0,6,0%,35.67
https://textwonder.com/data/json-to-yaml/,0,6,0%,38.17
https://textwonder.com/calc/tip-calculator/,0,6,0%,43.67
https://textwonder.com/tools/remove-duplicate-lines/,0,6,0%,49.33
https://textwonder.com/health/ideal-weight-calculator/,0,6,0%,51.33
https://textwonder.com/blog/how-to-add-filters-and-effects-to-images-online/,0,6,0%,54.5
https://textwonder.com/blog/how-to-convert-text-to-alternating-case/,0,6,0%,56.33
https://textwonder.com/blog/string-to-json-converter/,0,6,0%,64.5
https://textwonder.com/tools/small-caps-generator,0,6,0%,64.83
https://textwonder.com/blog/how-to-calculate-tip-and-split-bill-online/,0,6,0%,65.83
https://textwonder.com/blog/how-to-convert-text-to-octal-online-free/,0,6,0%,66.17
https://textwonder.com/blog/free-online-text-tools-for-writers/,0,6,0%,66.67
https://textwonder.com/blog/how-to-encode-text-with-rot47-online-free/,0,6,0%,67.67
https://textwonder.com/blog/unique-word-counter,0,6,0%,68.33
https://textwonder.com/tools/remove-special-characters,0,6,0%,72.83
https://textwonder.com/blog/speaking-time-calculator/,0,6,0%,76.17
https://textwonder.com/categories/text-cleaning/,0,5,0%,10.4
https://textwonder.com/devwonder/,0,5,0%,17.6
https://textwonder.com/tools/remove-vowels,0,5,0%,30.8
https://textwonder.com/calc/emi-calculator/,0,5,0%,32.6
https://textwonder.com/tools/rot13-encoder,0,5,0%,36.6
https://textwonder.com/blog/how-to-remove-line-breaks-online-free,0,5,0%,43.4
https://textwonder.com/tools/remove-whitespace,0,5,0%,44.6
https://textwonder.com/blog/how-to-remove-duplicate-lines-from-text-online/,0,5,0%,48.8
https://textwonder.com/blog/how-to-write-leave-application-online-free,0,5,0%,54.6
https://textwonder.com/blog/how-to-convert-base64-to-image/,0,5,0%,55.8
https://textwonder.com/blog/how-to-invert-text-case-online-free/,0,5,0%,59
https://textwonder.com/blog/how-to-write-leave-application-online-free/,0,5,0%,60.8
https://textwonder.com/tools/remove-blank-lines,0,5,0%,64.2
https://textwonder.com/blog/how-to-count-words-online-free-complete-guide/,0,5,0%,72.2
https://textwonder.com/compare/word-counter-vs-character-counter/,0,5,0%,82.2
https://textwonder.com/blog/what-does-fn-mean-in-text/,0,4,0%,8
https://textwonder.com/compare/,0,4,0%,8.25
https://textwonder.com/tools/sort-lines/,0,4,0%,20.75
https://textwonder.com/blog/how-to-create-noc-letter-online-free/,0,4,0%,36.25
https://textwonder.com/blog/pangram-checker/,0,4,0%,40
https://textwonder.com/blog/age-calculator/,0,4,0%,40.25
https://textwonder.com/pdfwonder/pdf-to-text,0,4,0%,45.25
https://textwonder.com/devwonder/number-base-converter,0,4,0%,48
https://textwonder.com/tools/text-to-octal,0,4,0%,54.75
https://textwonder.com/tools/base64-encoder-decoder/,0,4,0%,58.25
https://textwonder.com/blog/how-to-convert-images-to-pdf-online-free/,0,4,0%,60.75
https://textwonder.com/devwonder/base64-encoder/,0,4,0%,61
https://textwonder.com/blog/bmi-calculator/,0,4,0%,64.75
https://textwonder.com/blog/how-to-calculate-fd-maturity-amount-online/,0,4,0%,70.5
https://textwonder.com/blog/how-to-calculate-ppf-maturity-amount-online/,0,4,0%,76
https://textwonder.com/tools/emoji-counter,0,3,0%,1.33
https://textwonder.com/tools/noc-generator,0,3,0%,2
https://textwonder.com/privacy-policy,0,3,0%,7
https://textwonder.com/unit/length-converter/,0,3,0%,7.67
https://textwonder.com/calc/discount-calculator/,0,3,0%,21
https://textwonder.com/categories/text-conversion/,0,3,0%,27.67
https://textwonder.com/tools/truncate-text,0,3,0%,29.67
https://textwonder.com/blog/how-to-rotate-and-flip-image-online/,0,3,0%,33.67
https://textwonder.com/categories/text-analysis/,0,3,0%,35.67
https://textwonder.com/tools/character-counter/,0,3,0%,37
https://textwonder.com/blog/remove-duplicate-lines-guide,0,3,0%,37.33
https://textwonder.com/blog/text-cleaning/,0,3,0%,42
https://textwonder.com/blog/time-converter/,0,3,0%,44
https://textwonder.com/blog/how-to-count-syllables-in-text-online-free,0,3,0%,48
https://textwonder.com/blog/how-to-translate-text-to-pig-latin/,0,3,0%,54.67
https://textwonder.com/color/random-color-generator/,0,3,0%,54.67
https://textwonder.com/blog/how-to-remove-vowels-from-text-online-free/,0,3,0%,55.67
https://textwonder.com/tools/remove-punctuation,0,3,0%,56
https://textwonder.com/calc/sales-tax-calculator,0,3,0%,58.33
https://textwonder.com/devwonder/url-parser/,0,3,0%,58.67
https://textwonder.com/tools/lorem-ipsum-generator/,0,3,0%,63.67
https://textwonder.com/tools/keyword-density-checker/,0,3,0%,65
https://textwonder.com/health/water-intake-calculator/,0,3,0%,69.67
https://textwonder.com/blog/marks-percentage-calculator/,0,3,0%,72.33
https://textwonder.com/blog/how-to-convert-text-to-word-document-online,0,2,0%,1
https://textwonder.com/data/number-formatter,0,2,0%,1
https://textwonder.com/student/gpa-goal-calculator,0,2,0%,1
https://textwonder.com/tools/camel-case-converter,0,2,0%,1
https://textwonder.com/tools/readability-score,0,2,0%,2
https://textwonder.com/blog/pdf-splitter/,0,2,0%,5.5
https://textwonder.com/blog/text-repeater/,0,2,0%,6.5
https://textwonder.com/imagewonder/image-effects/,0,2,0%,7.5
https://textwonder.com/devwonder/regex-tester,0,2,0%,18.5
https://textwonder.com/blog/least-frequent-words/,0,2,0%,27.5
https://textwonder.com/unit/area-converter/,0,2,0%,30.5
https://textwonder.com/data/json-to-csv/,0,2,0%,31.5
https://textwonder.com/health/macro-calculator/,0,2,0%,36.5
https://textwonder.com/blog/gpa-calculator/,0,2,0%,37
https://textwonder.com/tools/n-gram-analyzer/,0,2,0%,41.5
https://textwonder.com/tools/fancy-text-generator,0,2,0%,42
https://textwonder.com/blog/attendance-calculator,0,2,0%,44.5
https://textwonder.com/blog/bmr-calculator/,0,2,0%,45.5
https://textwonder.com/blog/how-to-create-noc-letter-online-free,0,2,0%,47.5
https://textwonder.com/tools/url-encoder-decoder,0,2,0%,50.5
https://textwonder.com/blog/presentation-time-estimator/,0,2,0%,53
https://textwonder.com/blog/character-counter/,0,2,0%,61.5
https://textwonder.com/blog/duplicate-word-counter/,0,2,0%,63.5
https://textwonder.com/health/bmr-calculator/,0,2,0%,65
https://textwonder.com/blog/cgpa-calculator/,0,2,0%,67
https://textwonder.com/imagewonder/image-to-pdf,0,2,0%,70.5
https://textwonder.com/blog/how-to-censor-words-in-text-online-free/,0,2,0%,73.5
https://textwonder.com/blog/text-formatting/,0,2,0%,74.5
https://textwonder.com/tools/text-to-ascii-art,0,2,0%,74.5
https://textwonder.com/blog/hex-rgb-converter/,0,2,0%,76
https://textwonder.com/blog/how-to-remove-all-whitespace-from-text-online/,0,2,0%,80
https://textwonder.com/blog/how-to-scramble-words-online-free/,0,2,0%,80
https://textwonder.com/blog/contrast-checker/,0,2,0%,89.5
https://textwonder.com/blog/how-to-calculate-fd-maturity-amount-online,0,2,0%,92.5
https://textwonder.com/imagewonder/image-converter,0,1,0%,1
https://textwonder.com/tools/audiobook-duration-estimator,0,1,0%,1
https://textwonder.com/tools/invert-case,0,1,0%,1
https://textwonder.com/tools/lowercase-converter,0,1,0%,1
https://textwonder.com/tools/sentence-case-converter,0,1,0%,1
https://textwonder.com/tools/text-wrapper,0,1,0%,1
https://textwonder.com/tools/vocabulary-richness,0,1,0%,1
https://textwonder.com/tools/word-scrambler,0,1,0%,1
https://textwonder.com/blog/what-does-pmo-mean-in-text/,0,1,0%,2
https://textwonder.com/blog/unix-timestamp/,0,1,0%,4
https://textwonder.com/student/gpa-calculator/,0,1,0%,4
https://textwonder.com/blog/ideal-weight-calculator/,0,1,0%,5
https://textwonder.com/tools/add-line-numbers/,0,1,0%,6
https://textwonder.com/health/,0,1,0%,7
https://textwonder.com/blog/color-converter/,0,1,0%,9
https://textwonder.com/tools/spaces-to-tabs,0,1,0%,9
https://textwonder.com/blog/how-to-generate-qr-code-online-free/,0,1,0%,10
https://textwonder.com/color/,0,1,0%,10
https://textwonder.com/imagewonder/image-to-pdf/,0,1,0%,11
https://textwonder.com/blog/symbol-counter/,0,1,0%,18
https://textwonder.com/blog/length-converter/,0,1,0%,24
https://textwonder.com/blog/emi-calculator/,0,1,0%,25
https://textwonder.com/compare/remove-duplicate-lines-vs-sort-lines/,0,1,0%,25
https://textwonder.com/blog/attendance-calculator/,0,1,0%,29
https://textwonder.com/blog/lowercase-converter/,0,1,0%,29
https://textwonder.com/blog/text-density/,0,1,0%,39
https://textwonder.com/blog/url-encoder-decoder/,0,1,0%,42
https://textwonder.com/blog/number-base-converter/,0,1,0%,43
https://textwonder.com/blog/how-to-convert-text-to-date-in-excel,0,1,0%,44
https://textwonder.com/blog/html-formatter/,0,1,0%,46
https://textwonder.com/blog/text-diff-checker,0,1,0%,46
https://textwonder.com/blog/how-to-remove-punctuation-from-text-online,0,1,0%,48
https://textwonder.com/blog/protein-intake-calculator/,0,1,0%,48
https://textwonder.com/blog/how-to-join-lines-of-text-online-free,0,1,0%,50
https://textwonder.com/blog/how-to-convert-text-to-ascii-art-online-free/,0,1,0%,58
https://textwonder.com/pdfwonder,0,1,0%,58
https://textwonder.com/data/yaml-to-json/,0,1,0%,67
https://textwonder.com/blog/how-to-password-protect-pdf/,0,1,0%,68
https://textwonder.com/blog/sentence-counter/,0,1,0%,69
https://textwonder.com/imagewonder/image-resizer/,0,1,0%,70
https://textwonder.com/imagewonder/image-rotate-flip/,0,1,0%,70
https://textwonder.com/blog/how-to-calculate-tip-and-split-bill-online,0,1,0%,74
https://textwonder.com/blog/what-does-fn-mean-in-text,0,1,0%,76
https://textwonder.com/calc/simple-interest-calculator/,0,1,0%,76
https://textwonder.com/blog/gpa-goal-calculator/,0,1,0%,81
https://textwonder.com/blog/text-entropy/,0,1,0%,81
https://textwonder.com/pdfwonder/pdf-remove-blank-pages/,0,1,0%,83
https://textwonder.com/imagewonder/image-rotate-flip,0,1,0%,84
https://textwonder.com/blog/character-counter,0,1,0%,86
https://textwonder.com/data/csv-to-json/,0,1,0%,86
https://textwonder.com/health/bmi-calculator/,0,1,0%,97