Top queries,Clicks,Impressions,CTR,Position
exam countdown timer online,2,7,28.57%,63.71
text to handwriting,1,125,0.8%,65.82
pdfwonder,1,24,4.17%,7.33
presentation time,1,17,5.88%,15.76
noc maker,1,11,9.09%,11.27
noc maker online free,1,4,25%,6.75
relieving letter maker online free,1,4,25%,13.5
wordscrumble,1,1,100%,10
make relieving letter online free,1,1,100%,17
color text generator,1,1,100%,45
zalgo text generator lingojam,1,1,100%,53
syllable counter,0,2088,0%,27.27
syllables counter,0,554,0%,27.94
pdf resize,0,216,0%,80.3
syllable checker,0,212,0%,28.08
syllable counter.net,0,196,0%,22.99
syllabus counter,0,181,0%,26.33
syllable finder,0,177,0%,28.45
sylabol counter,0,168,0%,24.1
shuffle lines,0,156,0%,10.63
pdf word count,0,131,0%,59.72
syllabe counter,0,123,0%,24.97
sylible counter,0,123,0%,26.41
pdf word counter,0,120,0%,56.12
syallable counter,0,116,0%,25.64
word count pdf,0,115,0%,64.96
syllabul counter,0,113,0%,25.58
syllabel counter,0,113,0%,25.62
syllabal counter,0,110,0%,24.77
sylabble counter,0,109,0%,25.99
text to hex,0,108,0%,48.95
lesezeit rechner,0,106,0%,43.75
sentence counter,0,105,0%,50.78
lesezeit berechnen,0,103,0%,50.59
word count in pdf,0,100,0%,67.9
audio to text,0,100,0%,85.64
syllable calculator,0,98,0%,24.54
transcribe audio to text,0,96,0%,89.41
syllable counter haiku,0,95,0%,27.61
flesch kincaid test,0,92,0%,57.41
word counter pdf,0,83,0%,58.1
sylable counter,0,82,0%,28.38
syllablecounter,0,81,0%,25.14
upside down text,0,80,0%,56.41
reading level checker,0,79,0%,62.14
convert to uppercase,0,78,0%,78.23
syllable count,0,75,0%,36.03
1337 speak,0,71,0%,64.56
audio to text converter,0,71,0%,89.44
how to crop pdf,0,63,0%,52.29
extract text from pdf,0,63,0%,69.49
randomize lines,0,61,0%,16.15
syllable counter for poems,0,61,0%,30.95
haiku syllable counter,0,60,0%,34.05
writing level checker,0,59,0%,75.93
reading time calculator,0,58,0%,35.67
reading level calculator,0,58,0%,62.33
flesch-kincaid test,0,57,0%,59.91
gst calculator online,0,57,0%,76.65
count lines,0,56,0%,20.95
length checker,0,54,0%,73.81
best audio to text convertor,0,48,0%,79.15
text to hexadecimal,0,47,0%,47.91
leet converter,0,45,0%,40.76
leet translator,0,45,0%,50.16
reverse words,0,45,0%,70.2
convert audio to text,0,44,0%,83.77
sentence calculator,0,40,0%,31.2
sentence case converter,0,40,0%,33.52
words counter pdf,0,40,0%,58.62
crop pdf,0,40,0%,60.9
remove numbers from text,0,39,0%,27
reading time,0,39,0%,51.05
crop a pdf,0,39,0%,64.54
turn text upside down,0,39,0%,66.9
leet speak,0,39,0%,71.1
newline online,0,38,0%,66.39
line counter,0,37,0%,50.08
leet speak translator,0,37,0%,52.24
text to audio converter,0,37,0%,64.84
resize pdf,0,37,0%,73.51
title case converter,0,36,0%,32.08
remove special characters,0,35,0%,55.89
how to crop a pdf,0,35,0%,59.49
leet 1337,0,35,0%,71.26
what grade level is my writing,0,35,0%,74.31
color mixer,0,34,0%,56.59
pdf crop,0,34,0%,62.12
writing grade level analyzer,0,34,0%,68.88
free payslip generator,0,34,0%,72.26
convert speech to text,0,34,0%,80.35
add quotes to text,0,33,0%,8.48
pdf text extractor,0,33,0%,74.94
audio to text transcription,0,32,0%,90.47
text to hexadecimal converter,0,31,0%,52.32
payslip generator,0,31,0%,68.13
flesch kincaid formula,0,31,0%,73.71
uppercase conversion,0,31,0%,80.58
emoji counter,0,30,0%,6.8
line to csv online,0,30,0%,7.97
how to extract text from pdf,0,30,0%,69.9
remove special characters online,0,29,0%,36.62
check reading level,0,29,0%,70.21
uppercase convert,0,29,0%,77
voice to text,0,29,0%,86.03
how to resize a pdf,0,28,0%,60.93
extract text from pdf free,0,28,0%,79.79
speech to text converter,0,28,0%,80.89
how to split a pdf into multiple files,0,27,0%,49.96
salary slip generator,0,27,0%,61.07
export text from pdf,0,27,0%,67.19
text splitter,0,27,0%,80.56
text to morse code,0,26,0%,44.92
resize pdf to a4,0,26,0%,54.92
flesch readability formula,0,26,0%,67.31
uppercase converter,0,26,0%,71.15
line to csv,0,25,0%,6.44
count words in pdf,0,25,0%,68.08
gst calculator,0,25,0%,69.64
pay slip generator,0,25,0%,70.84
convert text to audio,0,25,0%,74.76
length of word,0,24,0%,22.83
word length,0,24,0%,31.12
text upside down,0,24,0%,51.67
how to split pdf files,0,24,0%,59.5
color mixer online,0,24,0%,63.5
pdf resizer,0,24,0%,74.58
voice to text converter,0,24,0%,85.62
leet language converter,0,23,0%,42.13
sentences counter,0,23,0%,49.35
color from image,0,23,0%,56.78
split pdf into multiple files,0,23,0%,59.17
extracting text from pdf,0,23,0%,59.43
how to crop pdf file,0,23,0%,59.74
l33t,0,23,0%,76.22
to uppercase,0,23,0%,80.7
read time calculator,0,22,0%,40.64
text to handwriting converter,0,22,0%,62.27
online payslip generator,0,22,0%,74.36
extract text from a pdf,0,22,0%,77.55
lines to csv,0,21,0%,5.57
how long to read,0,21,0%,56.24
l33t speak,0,21,0%,65.24
create payslip online,0,21,0%,68.19
pdf cropper,0,21,0%,72.57
converting audio to text,0,21,0%,78.14
flesch reading ease,0,21,0%,79.48
convert to upper case,0,21,0%,84.14
censored text generator,0,20,0%,31.7
1337 translator,0,20,0%,58.45
write upside down,0,20,0%,64.65
how to convert pdf to jpg,0,20,0%,68.55
pdf number of words,0,20,0%,70.7
how to convert pdf to png,0,20,0%,91.8
zalgo,0,19,0%,59.05
crop pdf file,0,19,0%,62.74
leetspeak,0,19,0%,72.47
text to audio free,0,19,0%,81.21
number digit counter,0,18,0%,9
word length calculator,0,18,0%,19
digit counter,0,18,0%,39.17
text to handwriting generator,0,18,0%,51.44
flesch reading ease score,0,18,0%,65.06
calcular tiempo de lectura,0,18,0%,69.56
payslip generator online,0,18,0%,74.78
recording to text,0,18,0%,78.5
change pdf to png,0,18,0%,85.72
color blender,0,17,0%,55.24
proforma invoice online,0,17,0%,56.82
how to split a pdf,0,17,0%,58.88
text hex,0,17,0%,61.47
zalgo text generator,0,17,0%,66.41
count words pdf,0,17,0%,67.06
convert pdf to png,0,17,0%,91.65
add quotes,0,16,0%,20.12
readability calculator,0,16,0%,41.19
sentence count,0,16,0%,52.62
/resize-pdf-to-a0,0,16,0%,53.81
convert text to handwriting,0,16,0%,67.69
make text upside down,0,16,0%,68.75
calculate gst amount,0,16,0%,70
pull text from pdf,0,16,0%,71.38
pdf extract text,0,16,0%,74.5
how long does it take to record an audiobook,0,16,0%,79
how can i extract text from a pdf,0,16,0%,82.25
transcribe audio to text free,0,16,0%,90
translate audio to text,0,16,0%,92
pdf to png,0,16,0%,93.44
image to base64,0,15,0%,46.4
pdf dark mode,0,15,0%,48.33
flesch reading ease test online,0,15,0%,52.13
proforma invoice generator,0,15,0%,52.6
number to text,0,15,0%,53.07
lowercase online,0,15,0%,55.53
remove duplicate words,0,15,0%,57.27
pdf count words,0,15,0%,62.73
reverse word,0,15,0%,63.8
how to convert pdf to jpg free,0,15,0%,67.73
get text from pdf,0,15,0%,75
voice recording to text,0,15,0%,77.2
color mixing online,0,15,0%,79.4
audio file to text converter,0,15,0%,83.87
speech to text transcription,0,15,0%,86.93
convert numbers to words in english,0,15,0%,90.93
free audio to text converter,0,15,0%,92.4
audio to text converter free,0,15,0%,95.13
type token ratio calculator,0,14,0%,10.79
syllables calculator,0,14,0%,25.29
text to decimal,0,14,0%,26.57
lowercase converter,0,14,0%,31.71
syllables checker,0,14,0%,32.14
leet generator,0,14,0%,40.57
leetspeak generator,0,14,0%,46.07
how to split pdf,0,14,0%,53.5
how to convert text to audio,0,14,0%,53.64
sentence case,0,14,0%,54
count syllables,0,14,0%,60.07
flesch-kincaid,0,14,0%,68.71
extract text from pdf file,0,14,0%,70.64
convert voice to text,0,14,0%,70.71
words count in pdf,0,14,0%,71.71
how to get text from pdf,0,14,0%,74.29
text to audio online,0,14,0%,76.29
extract pdf text,0,14,0%,79.36
text extraction from pdf,0,14,0%,80.64
translate recording to text,0,14,0%,81.43
extract text out of pdf,0,14,0%,81.64
text to wav,0,14,0%,82.07
writing grade level,0,14,0%,91.21
join lines,0,13,0%,10.31
syllable tracker,0,13,0%,25.23
unique word counter,0,13,0%,30.31
haiku counter,0,13,0%,35.54
shuffle online,0,13,0%,40.15
reading time estimator,0,13,0%,40.69
number reader,0,13,0%,41.77
how to resize pdf,0,13,0%,54.69
font to handwriting,0,13,0%,57.69
online pdf word count,0,13,0%,58.15
leet language translator,0,13,0%,59
leetspeak translator,0,13,0%,59.15
color picker from image,0,13,0%,60.08
text to audio converter online,0,13,0%,62.31
pdf document word counter,0,13,0%,63
online salary slip generator,0,13,0%,65.23
salary slip generator free,0,13,0%,65.23
remove duplicate keywords,0,13,0%,67.08
create proforma invoice online,0,13,0%,68.46
readtime,0,13,0%,69
word counter for pdf,0,13,0%,70.31
online color mixer,0,13,0%,74.31
leet talk,0,13,0%,75.92
audio file to text,0,13,0%,77.92
how to extract text from a pdf,0,13,0%,84.08
how to convert voice to text,0,13,0%,84.54
extract all text from pdf,0,13,0%,86.62
audio to text conversion,0,13,0%,87.92
vowel counter,0,12,0%,15.17
sentence syllable counter,0,12,0%,25.92
licznik sylab,0,12,0%,31.42
calculate reading time,0,12,0%,37.17
text to morse,0,12,0%,42.5
text scrambler,0,12,0%,52.5
trim pdf,0,12,0%,54.83
numbers to english words,0,12,0%,62.58
flesch kincaid readability,0,12,0%,63.42
counter of syllables,0,12,0%,65
uppercase online,0,12,0%,65.92
how to change pdf to jpg,0,12,0%,66.25
generate payslip online,0,12,0%,72.17
word count pdf document,0,12,0%,74.83
handwriting text generator,0,12,0%,76.92
translate text to audio,0,12,0%,83
pulling text from a pdf,0,12,0%,84.08
transcribe audio recording to text,0,12,0%,86
transcription audio to text,0,12,0%,87.08
free audio to text,0,12,0%,91.5
audio to text free,0,12,0%,94
count digits online,0,11,0%,7.27
syllabl counter,0,11,0%,26
capitalize sentences online,0,11,0%,35.91
syllable check,0,11,0%,36.73
flesch kincaid calculator,0,11,0%,40.36
readability score,0,11,0%,40.82
line count,0,11,0%,45.45
read time estimator,0,11,0%,47.36
convert image to base64,0,11,0%,49.27
letter frequency counter,0,11,0%,49.36
text to hex converter,0,11,0%,50.55
duplicate keyword remover,0,11,0%,52.91
calculating reading time,0,11,0%,54
word sorter,0,11,0%,58.45
how to extract words from pdf,0,11,0%,58.55
average word length,0,11,0%,62.18
number to english,0,11,0%,62.91
word count for pdf,0,11,0%,63.64
fjern marginer pdf,0,11,0%,64.73
how to convert a pdf to jpg,0,11,0%,65.09
how to resize pdf file,0,11,0%,66.55
pdf word counting,0,11,0%,67.91
payslip generator online free,0,11,0%,68.09
how to transcribe audio to text,0,11,0%,68.55
text to handwritten,0,11,0%,68.82
counting lines,0,11,0%,69.27
word count in pdf document,0,11,0%,69.27
character splitter,0,11,0%,74.36
resize photo online free,0,11,0%,76
sign pdf online,0,11,0%,77.27
retrieve text from pdf,0,11,0%,79.27
image watermark,0,11,0%,80.64
voice-to-text,0,11,0%,82.09
sign documents online free,0,11,0%,82.82
color combiner,0,11,0%,83.09
readability checker,0,11,0%,84.27
sound to text,0,11,0%,89.64
speech to text,0,11,0%,90.64
emoji count,0,10,0%,16.5
shuffle line,0,10,0%,20.6
pdf dark mode converter,0,10,0%,22.8
list to csv converter,0,10,0%,27.6
grade level checker,0,10,0%,37.9
flesch reading ease calculator,0,10,0%,40.1
random lines,0,10,0%,42
text to octal,0,10,0%,45.7
count words online,0,10,0%,50.6
numbers to words in english,0,10,0%,52.8
syllables count,0,10,0%,53.2
online word counter,0,10,0%,57.2
count sentences,0,10,0%,59.2
convert list to csv,0,10,0%,61.7
word count a pdf,0,10,0%,64.3
pdf document word count,0,10,0%,65
create payslip online free,0,10,0%,71.1
pdf word extractor,0,10,0%,74.4
salary slip generator tool,0,10,0%,75.2
goal gpa calculator,0,10,0%,77.5
pdf text extraction,0,10,0%,77.7
transcribe voice recording to text,0,10,0%,80.2
voice into text,0,10,0%,88.1
convert audio file to text,0,10,0%,88.9
pig latin decoder,0,9,0%,7.67
sylibal counter,0,9,0%,22
experience letter maker,0,9,0%,37.56
l33t speak generator,0,9,0%,37.89
title converter,0,9,0%,44.11
elite speak translator,0,9,0%,50
excel convert text to number,0,9,0%,50.11
convert typed text to handwriting online,0,9,0%,50.89
1337 speak translator,0,9,0%,51.67
flesch-kincaid readability test,0,9,0%,58.56
crop pdf free,0,9,0%,59.22
protein intake calculator,0,9,0%,59.44
flesch-kincaid readability tests,0,9,0%,61.56
converting text to audio,0,9,0%,62.44
colors from image,0,9,0%,63.89
split pdfs,0,9,0%,64
how to convert speech to text,0,9,0%,65.11
number to words in english,0,9,0%,65.33
change pdf page size,0,9,0%,67
turn text into handwriting,0,9,0%,68.22
how to crop a pdf for free,0,9,0%,69.11
payslip generator free,0,9,0%,69.11
mix colors generator,0,9,0%,70
count words on pdf,0,9,0%,70.33
flesch kincaid reading ease test,0,9,0%,70.78
delete duplicate words,0,9,0%,71.89
resize a pdf,0,9,0%,72.44
text to audio,0,9,0%,74.11
how to resize a photo online,0,9,0%,76.44
take text from pdf,0,9,0%,76.89
audio recording to text,0,9,0%,77.22
online text to audio,0,9,0%,78.22
calculate gst online,0,9,0%,81.44
text to voice converter,0,9,0%,81.78
how to sign a pdf without adobe,0,9,0%,83.78
convert sound to text,0,9,0%,86.89
audio file transcription,0,9,0%,89.78
presentation time calculator,0,8,0%,13.62
line shuffler,0,8,0%,18.25
unique words counter,0,8,0%,20.75
syllabol counter,0,8,0%,23.75
sylabul counter,0,8,0%,25.12
word syllable counter,0,8,0%,26
list to csv online,0,8,0%,26.5
leet speak generator,0,8,0%,40.25
octal decoder,0,8,0%,41.25
add prefix,0,8,0%,52
pdf words counter,0,8,0%,54.62
kb mb gb converter,0,8,0%,56
proforma invoice maker,0,8,0%,56.38
how many lines,0,8,0%,60.25
how to split pdf pages,0,8,0%,60.88
/resize-pdf-to-sra3,0,8,0%,61.75
salary slip maker,0,8,0%,62.38
online payslip maker,0,8,0%,64
how to convert text to voice,0,8,0%,64.5
split pdf document,0,8,0%,64.5
quote add,0,8,0%,66.38
gst tax calculator,0,8,0%,66.75
convert pdf to a4 size,0,8,0%,67.62
smh meaning in text,0,8,0%,67.62
gst amount calculation,0,8,0%,68.25
turn upside down text,0,8,0%,68.62
split text,0,8,0%,68.88
convert text to uppercase,0,8,0%,69.38
how to turn pdf into jpg,0,8,0%,69.5
number to english words,0,8,0%,72.12
type to handwriting,0,8,0%,72.12
free pdf signature,0,8,0%,72.25
counting words in a pdf,0,8,0%,74.62
text extractor from pdf,0,8,0%,75.62
words in reverse,0,8,0%,78.12
decrypt pdf,0,8,0%,78.38
text from pdf,0,8,0%,78.88
extract words from pdf,0,8,0%,79.88
pdf to png high quality,0,8,0%,80.38
how do you reverse text in word,0,8,0%,82.5
sign pdf documents online,0,8,0%,83.25
turn audio into text,0,8,0%,88.5
audio converter to text,0,8,0%,93.5
free audio to text transcription,0,8,0%,97
speech to text online,0,8,0%,99
noc generator,0,7,0%,6
censored words generator,0,7,0%,11.43
type-token ratio calculator,0,7,0%,14
pig latin converter,0,7,0%,23.14
title case converter online,0,7,0%,25.86
flesch kincaid readability calculator,0,7,0%,40.43
syllable counter for haiku,0,7,0%,41
reading length calculator,0,7,0%,42.86
remove whitespace,0,7,0%,43.71
counter sentence,0,7,0%,44.71
flesch kincaid reading level calculator,0,7,0%,47.43
leetspeak converter,0,7,0%,47.71
palindrome checker,0,7,0%,49.14
redezeit berechnen,0,7,0%,51.43
how to convert speech into text,0,7,0%,54
flesch readability score,0,7,0%,55.14
how many sentences is this,0,7,0%,56
split pdf into individual files,0,7,0%,56.14
pdf word count online,0,7,0%,56.57
convert pdf to letter size,0,7,0%,57.14
number into english,0,7,0%,57.43
free online word counter,0,7,0%,57.57
flesch kincaid readability score,0,7,0%,58.29
how to change from pdf to jpg,0,7,0%,62
how to change pdf to jpeg,0,7,0%,64
triadic color scheme generator,0,7,0%,64
word duplicate remover,0,7,0%,64
unicode remover,0,7,0%,64.29
word count of pdf,0,7,0%,65.57
camel text,0,7,0%,65.86
remove spaces from string online,0,7,0%,66
flesch kincaid,0,7,0%,67
read time,0,7,0%,67.86
remove punctuation,0,7,0%,68.29
text converter to audio,0,7,0%,68.29
calculate reading level,0,7,0%,69.29
unlock pdf online,0,7,0%,70.29
remove accents,0,7,0%,70.43
split a pdf,0,7,0%,72.29
converting pdf to jpg,0,7,0%,72.57
uppercase generator,0,7,0%,72.57
reading accuracy calculator,0,7,0%,73
resize pdf online,0,7,0%,73.43
reading age checker,0,7,0%,74.43
convert text to voice,0,7,0%,76.14
voice file to text,0,7,0%,77.29
colour mixer online,0,7,0%,79.71
text to speech converter free,0,7,0%,80.14
voice to text transcription,0,7,0%,81.57
software to convert audio recording to text,0,7,0%,82.71
audio converter text,0,7,0%,91.71
how to sign a pdf without printing,0,7,0%,97.57
word doubler,0,6,0%,6
newline to csv online,0,6,0%,6.67
add single quotes online,0,6,0%,8.17
noc maker online,0,6,0%,8.33
randomize line,0,6,0%,8.5
filter text online,0,6,0%,10.33
1337 generator,0,6,0%,15
camel case converter,0,6,0%,17
shuffle lines online,0,6,0%,21
syllable counter online,0,6,0%,22
syllable coutner,0,6,0%,23.17
sylable checker,0,6,0%,25.5
flesch-kincaid calculator,0,6,0%,36
1337 speak generator,0,6,0%,37.67
online lowercase,0,6,0%,41.5
reading time calculation,0,6,0%,41.5
flip text upside down,0,6,0%,42
online sentence counter,0,6,0%,42.33
what is the shortest word,0,6,0%,42.83
number counter,0,6,0%,43.67
line randomizer,0,6,0%,45.5
morse code converter,0,6,0%,45.83
whitespace remover online,0,6,0%,45.83
how many sentences,0,6,0%,46.83
reading time calc,0,6,0%,47.17
pick color from image,0,6,0%,49.17
how to split pdf into multiple pages,0,6,0%,51
decimal code,0,6,0%,51.5
calculate read time,0,6,0%,53.5
convert text to hex,0,6,0%,54.17
add quote,0,6,0%,54.67
remove newlines,0,6,0%,56
how to convert text into handwriting,0,6,0%,56.17
how to convert text to audio free,0,6,0%,57
convert text in rows to columns in excel,0,6,0%,57.67
haiku syllables counter,0,6,0%,58.5
pdf count,0,6,0%,59.17
separate a pdf document,0,6,0%,59.17
split pdf into multiple documents,0,6,0%,59.67
salary slip generator online,0,6,0%,60.17
import json to excel,0,6,0%,60.67
kb mb gb,0,6,0%,60.83
reading level estimator,0,6,0%,62.33
sort words,0,6,0%,63
without gst calculator,0,6,0%,64.67
flesch-kincaid readability,0,6,0%,65.5
colour mixer,0,6,0%,65.67
online proforma invoice generator,0,6,0%,66.33
handwriting text maker,0,6,0%,67
number count,0,6,0%,67
count number of lines,0,6,0%,67.67
salary slip online generator,0,6,0%,69
salary slip format online,0,6,0%,69.33
flesch-kincaid scale,0,6,0%,69.83
image base64,0,6,0%,71.17
make salary slip online,0,6,0%,71.17
sign pdf online free,0,6,0%,71.17
gst percentage calculator,0,6,0%,71.83
counting words in pdf,0,6,0%,72.17
count words in a pdf,0,6,0%,72.33
text to audio free online,0,6,0%,72.33
word counter from pdf,0,6,0%,72.33
character frequency,0,6,0%,74.33
turn recording into text,0,6,0%,75.67
gst exclusive calculator,0,6,0%,78.17
text to uppercase,0,6,0%,78.17
sign pdf,0,6,0%,79.83
audio convert to text,0,6,0%,80.67
convert recordings into transcripts,0,6,0%,80.83
readability checker free,0,6,0%,80.83
pdf wörter zählen,0,6,0%,82.5
send pdf for signature free,0,6,0%,84.33
text filter,0,6,0%,85.67
take audio and turn into text,0,6,0%,86.5
transcribe audio into text,0,6,0%,88.33
free voice to text converter,0,6,0%,88.67
transcript audio to text,0,6,0%,88.67
transcribe audio file to text,0,6,0%,89.17
transcribing audio to text,0,6,0%,89.33
convert audio into text,0,6,0%,89.67
reading level analyzer,0,6,0%,90.17
voice recording to transcript,0,6,0%,90.67
transcription from audio to text,0,6,0%,92
text uppercase,0,6,0%,93.83
free audio file to text converter,0,6,0%,94.67
voice to text online,0,6,0%,98.5
reverseword,0,5,0%,8.6
censored word generator,0,5,0%,9.8
consonant counter,0,5,0%,12.8
censor word generator,0,5,0%,13.2
1337 converter,0,5,0%,13.6
remove numbers and symbols from text,0,5,0%,14.4
relieving letter generator,0,5,0%,18
join lines online,0,5,0%,18.8
remove number from text,0,5,0%,22.4
shuffle text lines,0,5,0%,24.8
syllable counters,0,5,0%,26.8
reading duration calculator,0,5,0%,28.6
octal to text,0,5,0%,29.6
title case generator,0,5,0%,34.2
unicode to decimal,0,5,0%,37.2
text to leet,0,5,0%,37.4
flesch reading calculator,0,5,0%,38.2
word to decimal converter,0,5,0%,39.4
convert text to number in excel,0,5,0%,41
flesch calculator,0,5,0%,41.6
text wrapper,0,5,0%,41.6
leet speak converter,0,5,0%,42
flesch readability calculator,0,5,0%,42.8
l33t generator,0,5,0%,43.6
flesch-kincaid readability calculator,0,5,0%,44.6
reading calculator,0,5,0%,46
average length of words,0,5,0%,47.2
remove symbols,0,5,0%,47.2
calculate syllables,0,5,0%,48.4
flesch-kincaid reading level calculator,0,5,0%,48.4
leet conversion,0,5,0%,49.2
digits counter,0,5,0%,49.4
haiku checker,0,5,0%,50
transform text into handwriting,0,5,0%,50
sentnece counter,0,5,0%,51.8
word count online,0,5,0%,52
image as base64,0,5,0%,52.2
how to split pages in pdf,0,5,0%,52.8
convert text in handwriting,0,5,0%,53
count number,0,5,0%,53.4
l33t speak translator,0,5,0%,53.4
flesch kincaid readability test,0,5,0%,54.2
a4 to letter converter,0,5,0%,54.8
flesch reading ease test,0,5,0%,55.4
l33t translator,0,5,0%,55.8
upside down translator,0,5,0%,55.8
translate numbers to english,0,5,0%,56
convert text to hexa,0,5,0%,56.2
palindrome explorer,0,5,0%,56.8
word counter in pdf,0,5,0%,56.8
payslip maker online,0,5,0%,57.4
check for palindromes,0,5,0%,58
1337 language translator,0,5,0%,59.4
morse code maker,0,5,0%,59.6
count the lines,0,5,0%,60
flesch-kincaid readability score,0,5,0%,60
online colour mixer,0,5,0%,61.4
how to turn a pdf into a jpg,0,5,0%,61.6
flesch score,0,5,0%,62
how to convert pdf to jpeg,0,5,0%,62.2
payslip maker free,0,5,0%,62.6
flesch-kincaid score,0,5,0%,63.4
reverse a word,0,5,0%,63.4
number to words english,0,5,0%,63.6
check words,0,5,0%,63.8
entropy calculator,0,5,0%,64.2
what does smh mean in text slang,0,5,0%,64.8
resize pdf page,0,5,0%,65.2
flesch readability,0,5,0%,66
split pdf files,0,5,0%,66.2
compteur de syllabes,0,5,0%,66.4
easy gst calculator,0,5,0%,66.6
find color from image,0,5,0%,66.6
what does smh mean in a text message,0,5,0%,67.6
remove letter accents,0,5,0%,68.2
add gst,0,5,0%,68.4
split pdf file,0,5,0%,69
pig latin read online,0,5,0%,69.2
convert pdf to png windows 10,0,5,0%,69.8
flesch readability ease,0,5,0%,69.8
what does smh mean in text,0,5,0%,70.8
create salary slip,0,5,0%,71
convert uppercase,0,5,0%,71.2
remove numbers,0,5,0%,71.2
readability flesch,0,5,0%,72
generate salary slip online,0,5,0%,72.4
flesch kincaid scoring,0,5,0%,72.6
transcribe audio to text free online google,0,5,0%,72.8
unlock pdf,0,5,0%,72.8
how to calculate gst from total,0,5,0%,73
text to sound converter online,0,5,0%,73
duplicate word remover,0,5,0%,73.4
online gst calculator,0,5,0%,73.4
flesch test,0,5,0%,73.6
reading level check,0,5,0%,73.8
convert into handwriting,0,5,0%,74
voice message to text,0,5,0%,74
xml to json converter,0,5,0%,74.2
text to hand written,0,5,0%,74.4
gst calculator inclusive,0,5,0%,75.2
censor text,0,5,0%,76
word counting in pdf,0,5,0%,76.4
duplicate words,0,5,0%,77
word reverse,0,5,0%,78.6
convert text to audio online free,0,5,0%,78.8
reading ease score,0,5,0%,78.8
vocal to text converter,0,5,0%,79
average length of a word,0,5,0%,80
online signature pdf,0,5,0%,80.4
free online resizer,0,5,0%,81.2
online phone extractor,0,5,0%,81.4
change audio to text,0,5,0%,83
resize pdf file,0,5,0%,83
tts to wav,0,5,0%,85.2
convert audio to text free,0,5,0%,85.4
free transcribe audio to text,0,5,0%,88.2
pdf to png free,0,5,0%,88.8
upside down text generator,0,5,0%,89
transcribe audio recording to text free,0,5,0%,89.4
text level,0,5,0%,89.6
pdf sign online,0,5,0%,90.4
tiempo de lectura,0,5,0%,91.6
ascii to decimal,0,5,0%,92.4
translate sound to text,0,5,0%,93.4
how to calculate stop word percentage in a text,0,4,0%,5.25
invert case,0,4,0%,9.5
add comma and single quote online,0,4,0%,10.5
text censor generator,0,4,0%,10.5
truncate text online,0,4,0%,10.5
number remover from text,0,4,0%,11.75
mocking case,0,4,0%,14.5
base 8 decoder,0,4,0%,16
leet calculator,0,4,0%,17.5
vowel remover,0,4,0%,25
count line,0,4,0%,25.25
calculator syllables,0,4,0%,30.75
alternating case generator,0,4,0%,31.5
count syllables online,0,4,0%,32
number remover,0,4,0%,32.5
shortest word in the world,0,4,0%,32.75
count lines in text,0,4,0%,33.5
unique word count,0,4,0%,34.25
reading time counter,0,4,0%,37
leet speak decoder,0,4,0%,39.25
text to hex translator,0,4,0%,39.25
filter lines,0,4,0%,39.75
elite speak generator,0,4,0%,40
reading ease calculator,0,4,0%,40.75
read calculator,0,4,0%,42.25
text to morse code converter,0,4,0%,42.25
number to words,0,4,0%,43
numbers to text,0,4,0%,44
word to morse code,0,4,0%,45.25
special character remover,0,4,0%,46.25
time reader,0,4,0%,47
excel change text to number,0,4,0%,48
numbers to words english,0,4,0%,48
add prefix suffix into line,0,4,0%,49.25
time to read calculator,0,4,0%,49.25
line counting,0,4,0%,49.75
text scramble generator,0,4,0%,50.75
text readability calculator,0,4,0%,51.5
1337 5p34k,0,4,0%,52.5
splitting pdf document,0,4,0%,52.5
average letters per word,0,4,0%,53.5
text to hex convert,0,4,0%,53.5
word to hexadecimal,0,4,0%,53.5
readability calculators,0,4,0%,54
english to leet speak,0,4,0%,54.75
flesch readability test,0,4,0%,55.25
phrase scrambler,0,4,0%,55.5
zalgo translator,0,4,0%,56
reading length,0,4,0%,56.5
count the syllables,0,4,0%,56.75
text hex converter,0,4,0%,57
extract text from pdf online,0,4,0%,58.25
gpa goal calculator,0,4,0%,58.25
mb kb gb,0,4,0%,58.5
leet 1337 translator,0,4,0%,58.75
merge lines,0,4,0%,58.75
number translator to english,0,4,0%,58.75
cap generator,0,4,0%,59
words counter online,0,4,0%,59
count words in pdf online,0,4,0%,59.25
counting in words converter,0,4,0%,59.25
number translator to words,0,4,0%,59.5
1337 leet,0,4,0%,60.75
text to page converter,0,4,0%,60.75
convert sentence,0,4,0%,61
resize pdf pages,0,4,0%,61
sentance counter,0,4,0%,61.25
splitting text,0,4,0%,61.25
pdf online word count,0,4,0%,62.25
word count online pdf,0,4,0%,62.25
flesch-kincaid reading ease score,0,4,0%,62.75
text to audio online free,0,4,0%,63.25
color combiner online,0,4,0%,63.5
calculate gst,0,4,0%,64
color blending,0,4,0%,64.25
flesch reading score,0,4,0%,64.25
get color from image,0,4,0%,64.25
article read time,0,4,0%,64.5
calculation gst,0,4,0%,64.75
convert text into handwritten,0,4,0%,65
readability flesch kincaid,0,4,0%,65.25
payslip maker online free,0,4,0%,65.5
reading accuracy rate calculator,0,4,0%,65.5
flesch kincaid score,0,4,0%,65.75
what does smh mean in texting,0,4,0%,65.75
color finder from image,0,4,0%,66.25
numbers to english,0,4,0%,66.5
l337 speak,0,4,0%,66.75
zalgo generator,0,4,0%,66.75
count word pdf,0,4,0%,67
generate payslips online,0,4,0%,67.25
online text to audio converter free,0,4,0%,67.5
100-100000337wof,0,4,0%,68.25
words count pdf,0,4,0%,68.25
count word in pdf,0,4,0%,69.25
reading level checker free,0,4,0%,69.25
what does smh stand for in text,0,4,0%,69.25
remove accent,0,4,0%,70
how to sign a pdf free,0,4,0%,70.75
count online,0,4,0%,71.25
generate pay slip,0,4,0%,71.25
resize image free online,0,4,0%,71.75
online salary slip maker,0,4,0%,72
fake salary slip,0,4,0%,72.25
flesch kincaid reading ease score,0,4,0%,72.25
how to make a page smaller,0,4,0%,72.25
audio into text,0,4,0%,72.75
convert text to sound,0,4,0%,73.25
sign pdf without adobe,0,4,0%,73.25
word count in a pdf,0,4,0%,73.25
payslip online generator,0,4,0%,74
generate handwriting,0,4,0%,74.5
color code mixer,0,4,0%,75
gst rate calculator,0,4,0%,75.5
online pdf signature,0,4,0%,75.75
text to sound converter,0,4,0%,76.25
how do i transcribe audio to text,0,4,0%,76.5
word to handwriting converter,0,4,0%,76.5
mix color online,0,4,0%,77
resize pdf free,0,4,0%,77
colour mixing online,0,4,0%,77.5
count pdf,0,4,0%,77.5
count pdf words,0,4,0%,77.5
convert string to json,0,4,0%,77.75
get colors from image,0,4,0%,77.75
voice note to text,0,4,0%,78
convert audio file to text free,0,4,0%,78.25
convert text into handwriting,0,4,0%,78.25
duplicate words remover,0,4,0%,78.25
text to voice converter online,0,4,0%,79.75
transcribing audio files to text,0,4,0%,80
convert audio files to accurate text,0,4,0%,80.75
pdf scaler,0,4,0%,81.75
speech-to-text conversion,0,4,0%,81.75
color merger,0,4,0%,82.25
how to reverse text in word,0,4,0%,82.25
sign pdf documents online free,0,4,0%,83.75
transcribe speech to text,0,4,0%,83.75
free resize image,0,4,0%,86.25
sound file to text,0,4,0%,86.75
image color,0,4,0%,87
text to speech converter,0,4,0%,87.75
how to change pdf to png,0,4,0%,88.25
evaluate reading,0,4,0%,88.5
transcribe from audio to text,0,4,0%,88.5
free pdf unlocker,0,4,0%,88.75
free transcription audio to text,0,4,0%,88.75
audio to text converter online free,0,4,0%,89.25
transcription of audio to text,0,4,0%,90.25
flesch kincaid grade level,0,4,0%,90.75
pdf into png,0,4,0%,90.75
type upside down,0,4,0%,90.75
extract text from pdf scan,0,4,0%,92
audio speech to text,0,4,0%,93
converter sound to text,0,4,0%,95.25
audio to text online,0,4,0%,97.75
remove text from numbers,0,3,0%,4.67
pig latin encoder,0,3,0%,6.67
remove numbers from text online,0,3,0%,12.67
text to 1337,0,3,0%,14
word.length,0,3,0%,17
randomise lines,0,3,0%,20.67
upside down text translator,0,3,0%,23.33
title case convert,0,3,0%,24.67
flesch kincaid online,0,3,0%,26.33
online reading time calculator,0,3,0%,28.33
string split online,0,3,0%,29.33
reverse text online free,0,3,0%,30.33
remove unicode characters online,0,3,0%,30.67
frequency letter counter,0,3,0%,31.33
target gpa,0,3,0%,32.67
upside text,0,3,0%,33.33
rcreate resume from text to pdf,0,3,0%,34
flesch score calculator,0,3,0%,35
remove symbols from text,0,3,0%,35
create experience letter online,0,3,0%,38
vocabulary richness,0,3,0%,38
how long to read this,0,3,0%,38.33
numbers reader,0,3,0%,38.33
flesch reading score calculator,0,3,0%,39.33
online text to hex,0,3,0%,39.33
listtocsvconverter,0,3,0%,39.67
read o meter,0,3,0%,39.67
reversing words,0,3,0%,40.67
type upside down text,0,3,0%,41
sentence length checker,0,3,0%,42
character frequency counter,0,3,0%,43.33
upsidedowntext,0,3,0%,43.33
lines count,0,3,0%,44
reading-time,0,3,0%,44
letter frequency calculator,0,3,0%,44.33
upside down letters unicode,0,3,0%,44.33
l33t converter,0,3,0%,45.33
word count online free,0,3,0%,45.67
spaces to tabs,0,3,0%,46
excel text to number,0,3,0%,46.33
sentence converter,0,3,0%,46.33
pdf to text,0,3,0%,46.67
exam countdown,0,3,0%,47
handwritten font converter,0,3,0%,47.33
large numbers to words,0,3,0%,47.33
words to morse code,0,3,0%,47.67
sort words online,0,3,0%,48
translate leet speak,0,3,0%,48
excel convert string to number,0,3,0%,48.33
can you convert text to handwriting,0,3,0%,48.67
shortest word in the dictionary,0,3,0%,48.67
string to decimal converter,0,3,0%,48.67
text to morse code translator,0,3,0%,48.67
count how many lines,0,3,0%,49.33
word count in pdf online,0,3,0%,49.67
number converter to english,0,3,0%,50
how long will it take to read this,0,3,0%,50.33
count words pdf online,0,3,0%,50.67
number to english word,0,3,0%,51.33
duplicate word removal,0,3,0%,52
list into csv,0,3,0%,52
png to base64,0,3,0%,52
text to upside down,0,3,0%,52.33
random line,0,3,0%,52.67
string to decimal,0,3,0%,52.67
average sentence length calculator,0,3,0%,53
pick a color from image,0,3,0%,53
grade level writing checker,0,3,0%,53.33
small to caps,0,3,0%,53.33
caps generator,0,3,0%,53.67
image to base 64,0,3,0%,54.67
poetry line counter,0,3,0%,54.67
invert caps,0,3,0%,55
leet translate,0,3,0%,55
addquote,0,3,0%,55.33
counting convert in words,0,3,0%,55.33
decode octal,0,3,0%,55.33
trim pdf margins,0,3,0%,55.33
number convert to english word,0,3,0%,56
text generator zalgo,0,3,0%,56
gb kb mb,0,3,0%,56.33
remove margins from pdf,0,3,0%,56.33
remove whitespace online,0,3,0%,56.67
a3 to a4 converter,0,3,0%,57.33
mb kb gb converter,0,3,0%,57.33
images to base64,0,3,0%,57.67
crop pdf online,0,3,0%,58
free readability score,0,3,0%,58
how to convert text to number in excel,0,3,0%,58
unique words count,0,3,0%,58
mix two colors,0,3,0%,58.33
create salary slip online,0,3,0%,58.67
online pdf word counter,0,3,0%,58.67
shuffler online,0,3,0%,58.67
flesch–kincaid readability tests,0,3,0%,59
how to convert to number,0,3,0%,59
how to undo in numbers,0,3,0%,59
free payslip maker,0,3,0%,59.33
upside down a text,0,3,0%,59.33
check syllables,0,3,0%,59.67
resize pdf to a3,0,3,0%,60
hoe lang duurt mijn presentatie,0,3,0%,60.33
mb gb kb,0,3,0%,60.33
protein requirement calculator,0,3,0%,60.33
words to handwriting,0,3,0%,60.33
pdf size changer,0,3,0%,61
find the color of a picture,0,3,0%,61.33
free online payslip generator,0,3,0%,61.33
translation of numbers to words,0,3,0%,61.33
text handwriting generator,0,3,0%,61.67
how can i convert voice to text,0,3,0%,62
words per sentence,0,3,0%,62
create pdf from text online free,0,3,0%,62.33
leet speak translation,0,3,0%,62.67
text censor,0,3,0%,62.67
import data from json file to excel,0,3,0%,63
palindrome maker,0,3,0%,63
random lines generator,0,3,0%,63.33
word sort online,0,3,0%,63.67
online text to audio converter,0,3,0%,64
word count on pdf document,0,3,0%,64
gst inclusive calculator,0,3,0%,64.33
flesch-kincaid formula,0,3,0%,65
palindrome generator,0,3,0%,65
sign pdf free,0,3,0%,65
remove duplicate text,0,3,0%,65.33
extract text pdf,0,3,0%,65.67
online word counter pdf,0,3,0%,65.67
flesch kincaid reading,0,3,0%,66
how do i make a page smaller,0,3,0%,66
free salary slip generator,0,3,0%,66.33
payslip maker,0,3,0%,66.33
1337 code,0,3,0%,66.67
convert list to csv online,0,3,0%,66.67
how to split pdf pages free,0,3,0%,67
calculator gst,0,3,0%,67.33
counting syllables,0,3,0%,67.33
digit count,0,3,0%,67.33
flesch-kincaid reading level,0,3,0%,67.67
how to convert audio to text,0,3,0%,67.67
reading level tool,0,3,0%,67.67
smh meaning in texting,0,3,0%,68
how to convert pdf into jpg,0,3,0%,68.33
software to convert text into handwriting font,0,3,0%,68.33
what does smh mean in text messaging,0,3,0%,68.33
flesch-kincaid reading ease,0,3,0%,68.67
flesch-kincaid reading ease scale,0,3,0%,68.67
numbers translated into words,0,3,0%,68.67
text meaning of smh,0,3,0%,68.67
convert a pdf to jpg,0,3,0%,69.33
writing grade level checker,0,3,0%,69.67
flesch kincaid reading ease,0,3,0%,70
mixing color online,0,3,0%,70
words reverse,0,3,0%,70
flesch reading scale,0,3,0%,70.33
flesch-kincaid readability scale,0,3,0%,70.33
pdf to handwriting converter,0,3,0%,70.67
decimal decoder,0,3,0%,71
text into handwriting,0,3,0%,71
generate salary slip,0,3,0%,71.33